{"stats":{"minecraft:dropped":{"minecraft:stick":2},"minecraft:picked_up":{"minecraft:stick":10,"minecraft:bee_nest":1,"minecraft:dandelion":1,"minecraft:poppy":1,"minecraft:oak_sapling":7,"minecraft:birch_sapling":8,"minecraft:oxeye_daisy":1},"minecraft:used":{"minecraft:oak_log":7,"minecraft:oak_leaves":17,"minecraft:water_bucket":1,"minecraft:cornflower":2,"minecraft:rail":1,"minecraft:snow":3,"minecraft:daylight_detector":6,"minecraft:birch_leaves":65,"minecraft:oak_sapling":18,"minecraft:grass_block":98,"minecraft:gray_carpet":7,"minecraft:birch_sapling":17,"minecraft:birch_log":43,"minecraft:stone_stairs":2,"minecraft:nether_brick_slab":3,"minecraft:chest_minecart":1,"minecraft:campfire":1,"minecraft:chest":3,"minecraft:stone_slab":4,"minecraft:bone_meal":170,"minecraft:grass":4,"minecraft:barrel":7},"minecraft:custom":{"minecraft:open_chest":1,"minecraft:pig_one_cm":302,"minecraft:time_since_rest":52054,"minecraft:play_one_minute":52054,"minecraft:crouch_one_cm":1682,"minecraft:sprint_one_cm":34494,"minecraft:walk_one_cm":84848,"minecraft:sneak_time":532,"minecraft:drop":1,"minecraft:jump":172,"minecraft:leave_game":1,"minecraft:time_since_death":52054,"minecraft:walk_on_water_one_cm":39,"minecraft:talked_to_villager":1,"minecraft:open_barrel":1,"minecraft:fly_one_cm":105277}},"DataVersion":2586}